add	add,added,adding,adds
analysis	analyses,analysis
atlas	atlas
baby	babies,baby
bad	bad,worse,worst
be	am,are,be,been,being,is,was,were
big	big,bigger,biggest
book	book,booked,booking,books
boss	boss,bosses
box	box,boxes
bus	bus,buses
busy	busier,busiest,busy
call	call,called,calling,calls
campus	campus
canvas	canvas
carry	carried,carries,carry,carrying
cat	cat,cats
child	child,children
church	church,churches
city	cities,city
class	class,classes
click	click,clicked,clicking,clicks
country	countries,country
cover	cover,covered,covering,covers
deep	deep,deeper,deepest
dish	dish,dishes
do	did,do,does,doing,done
dog	dog,dogs
drop	drop,dropped,dropping,drops
early	earlier,earliest,early
easy	easier,easiest,easy
edit	edit,edited,editing,edits
far	far,farther,farthest,further,furthest
fast	fast,faster,fastest
few	few,fewer,fewest
file	file,filed,files,filing
fill	fill,filled,filling,fills
filter	filter,filtered,filtering,filters
fix	fix,fixed,fixes,fixing
focus	focus,focuses
foot	feet,foot
gas	gas,gases
glass	glass,glasses
go	go,goes,going,gone,went
good	best,better,good
group	group,grouped,grouping,groups
happy	happier,happiest,happy
have	had,has,have,having
healthy	healthier,healthiest,healthy
high	high,higher,highest
his	his
honest	honest
hop	hop,hopped,hopping,hops
hope	hope,hoped,hopes,hoping
house	house,housed,houses,housing
index	index,indexed,indexes,indexing
item	item,items
knife	knife,knives
large	large,larger,largest
leaf	leaf,leaves
limit	limit,limited,limiting,limits
little	least,less,little
look	look,looked,looking,looks
make	made,make,makes,making
man	man,men
many	many,more,most
mouse	mice,mouse
much	much
need	need,needed,needing,needs
new	new,newer,newest
news	news
nice	nice,nicer,nicest
offer	offer,offered,offering,offers
open	open,opened,opening,opens
order	order,ordered,ordering,orders
page	page,pages
pass	pass,passed,passes,passing
plan	plan,planned,planning,plans
play	play,played,playing,plays
plus	plus
press	press,pressed,presses,pressing
query	queried,queries,query,querying
quick	quick,quicker,quickest
record	record,recorded,recording,records
report	report,reported,reporting,reports
result	result,resulted,resulting,results
run	ran,run,running,runs
safe	safe,safer,safest
score	score,scored,scores,scoring
search	search,searched,searches,searching
see	saw,see,seeing,seen,sees
series	series
shelf	shelf,shelves
slow	slow,slower,slowest
small	small,smaller,smallest
species	species
start	start,started,starting,starts
status	status
stop	stop,stopped,stopping,stops
story	stories,story
strong	strong,stronger,strongest
study	studied,studies,study,studying
submission	submission,submissions
submit	submit,submits,submitted,submitting
table	table,tables
teach	taught,teach,teaches,teaching
teacher	teacher,teachers
this	this
token	token,tokens
tooth	teeth,tooth
try	tried,tries,try,trying
use	use,used,uses,using
user	user,users
value	value,values
visit	visit,visited,visiting,visits
watch	watch,watched,watches,watching
water	water
wide	wide,wider,widest
wife	wife,wives
wolf	wolf,wolves
woman	woman,women
work	work,worked,working,works
worker	worker,workers
write	write,writes,writing,written,wrote
yes	yes
