submit	submit,submits,submitted,submitting
submission	submission,submissions
submits	submit,submits,submitted,submitting
news	news
new	new,newer,newest
box	box,boxes
boxes	box,boxes
hope	hope,hoped,hopes,hoping
hoping	hope,hoped,hopes,hoping
hop	hop,hopped,hopping,hops
good	best,better,good
worse	bad,worse,worst
many	many,more,most
less	least,less,little
study	studied,studies,study,studying
worker	worker,workers
work	work,worked,working,works
analyses	analyses,analysis
analysis	analyses,analysis
teeth	teeth,tooth
large	large,larger,largest
honest	honest
offer	offer,offered,offering,offers
passes	pass,passed,passes,passing
class	class,classes
big	big,bigger,biggest
early	earlier,earliest,early
children	child,children
series	series
bank	
