cat	cat
cats	cat
dog	dog
dogs	dog
box	box
boxes	box
bus	bus
buses	bus
gas	gas
gases	gas
church	church
churches	church
dish	dish
dishes	dish
class	class
classes	class
glass	glass
glasses	glass
boss	boss
bosses	boss
city	city
cities	city
baby	baby
babies	baby
story	story
stories	story
country	country
countries	country
leaf	leaf
leaves	leaf
knife	knife
knives	knife
wife	wife
wives	wife
wolf	wolf
wolves	wolf
shelf	shelf
shelves	shelf
child	child
children	child
man	man
men	man
woman	woman
women	woman
tooth	tooth
teeth	tooth
foot	foot
feet	foot
mouse	mouse
mice	mouse
analysis	analysis
analyses	analysis
series	series
species	species
news	news
status	status
campus	campus
canvas	canvas
atlas	atlas
focus	focus
focuses	focus
worker	worker
workers	worker
teacher	teacher
teachers	teacher
user	user
users	user
item	item
items	item
token	token
tokens	token
table	table
tables	table
page	page
pages	page
submission	submission
submissions	submission
water	water
submit	submit
submits	submit
submitted	submit
submitting	submit
work	work
works	work
worked	work
working	work
run	run
runs	run
ran	run
running	run
hop	hop
hops	hop
hopped	hop
hopping	hop
hope	hope
hopes	hope
hoped	hope
hoping	hope
stop	stop
stops	stop
stopped	stop
stopping	stop
plan	plan
plans	plan
planned	plan
planning	plan
drop	drop
drops	drop
dropped	drop
dropping	drop
open	open
opens	open
opened	open
opening	open
use	use
uses	use
used	use
using	use
make	make
makes	make
made	make
making	make
write	write
writes	write
wrote	write
written	write
writing	write
do	do
does	do
did	do
done	do
doing	do
go	go
goes	go
went	go
gone	go
going	go
have	have
has	have
had	have
having	have
be	be
am	be
is	be
are	be
was	be
were	be
been	be
being	be
see	see
sees	see
saw	see
seen	see
seeing	see
teach	teach
teaches	teach
taught	teach
teaching	teach
watch	watch
watches	watch
watched	watch
watching	watch
look	look
looks	look
looked	look
looking	look
click	click
clicks	click
clicked	click
clicking	click
add	add
adds	add
added	add
adding	add
pass	pass
passes	pass
passed	pass
passing	pass
press	press
presses	press
pressed	press
pressing	press
fix	fix
fixes	fix
fixed	fix
fixing	fix
try	try
tries	try
tried	try
trying	try
carry	carry
carries	carry
carried	carry
carrying	carry
play	play
plays	play
played	play
playing	play
need	need
needs	need
needed	need
needing	need
start	start
starts	start
started	start
starting	start
call	call
calls	call
called	call
calling	call
fill	fill
fills	fill
filled	fill
filling	fill
visit	visit
visits	visit
visited	visit
visiting	visit
edit	edit
edits	edit
edited	edit
editing	edit
limit	limit
limits	limit
limited	limit
limiting	limit
offer	offer
offers	offer
offered	offer
offering	offer
cover	cover
covers	cover
covered	cover
covering	cover
filter	filter
filters	filter
filtered	filter
filtering	filter
order	order
orders	order
ordered	order
ordering	order
house	house
houses	house
housed	house
housing	house
score	score
scores	score
scored	score
scoring	score
value	value
values	value
group	group
groups	group
grouped	group
grouping	group
result	result
results	result
resulted	result
resulting	result
report	report
reports	report
reported	report
reporting	report
record	record
records	record
recorded	record
recording	record
search	search
searches	search
searched	search
searching	search
query	query
queries	query
queried	query
querying	query
index	index
indexes	index
indexed	index
indexing	index
study	study
studies	study
studied	study
studying	study
file	file
files	file
filed	file
filing	file
book	book
books	book
booked	book
booking	book
big	big
bigger	big
biggest	big
small	small
smaller	small
smallest	small
fast	fast
faster	fast
fastest	fast
slow	slow
slower	slow
slowest	slow
high	high
higher	high
highest	high
deep	deep
deeper	deep
deepest	deep
quick	quick
quicker	quick
quickest	quick
strong	strong
stronger	strong
strongest	strong
nice	nice
nicer	nice
nicest	nice
safe	safe
safer	safe
safest	safe
wide	wide
wider	wide
widest	wide
large	large
larger	large
largest	large
happy	happy
happier	happy
happiest	happy
easy	easy
easier	easy
easiest	easy
busy	busy
busier	busy
busiest	busy
early	early
earlier	early
earliest	early
healthy	healthy
healthier	healthy
healthiest	healthy
honest	honest
new	new
newer	new
newest	new
good	good
better	good
best	good
bad	bad
worse	bad
worst	bad
far	far
farther	far
further	far
farthest	far
furthest	far
many	many
more	many
most	many
much	much
few	few
fewer	few
fewest	few
little	little
less	little
least	little
yes	yes
this	this
his	his
plus	plus
